Артикул;Ozon Product ID;SKU;Barcode;Название товара;Контент-рейтинг;Бренд;Статус товара;Метки;Отзывы;Рейтинг;Видимость на Ozon;Причины скрытия;Дата создания;Категория комиссии;Объем товара, л;Объемный вес, кг;Доступно к продаже по схеме FBO, шт.;Вывезти и нанести КИЗ (кроме Твери), шт;Зарезервировано, шт;Доступно к продаже по схеме FBS, шт.;Доступно к продаже по схеме realFBS, шт.;Зарезервировано на моих складах, шт;Текущая цена с учетом скидки, ₽;Цена до скидки (перечеркнутая цена), ₽;Цена Premium, ₽;Размер НДС, %
'14332032-черный-33;29857997;184411298;4811566360646;Кроссовки Shuzzi для девочек;'80;Shuzzi;Готов к продаже;;0;'0.00;Показывается;;03.08.2020 12:21;;'5.46;'1.1;0;0;0;0;0;0;1636.00;4090.00;;10%
'14332032-черный-36;29857998;184411295;4811566360677;Кроссовки Shuzzi для девочек;'80;Shuzzi;Готов к продаже;;0;'0.00;Показывается;;03.08.2020 12:21;;'5.46;'1.1;0;0;0;0;0;0;1636.00;4090.00;;10%
'14332032-черный-34;29857999;184411308;4811566360653;Кроссовки Shuzzi для девочек;'80;Shuzzi;Готов к продаже;;1;'0.00;Показывается;;03.08.2020 12:21;;'5.46;'1.1;0;0;0;0;0;0;1636.00;4090.00;;10%
'14332032-черный-32;29858000;184411307;4811566360639;Кроссовки Shuzzi для девочек;'80;Shuzzi;Готов к продаже;;0;'0.00;Показывается;;03.08.2020 12:21;;'5.46;'1.1;0;0;0;0;0;0;1636.00;4090.00;;10%
'14332032-черный-35;29858001;184411305;4811566360660;Кроссовки Shuzzi для девочек;'80;Shuzzi;Готов к продаже;;0;'0.00;Показывается;;03.08.2020 12:21;;'5.46;'1.1;0;0;0;0;0;0;1636.00;4090.00;;10%
'143320301-черный-36;29858002;184411306;4811566360578;Полуботинки Shuzzi для девочек;'80;Shuzzi;Готов к продаже;;0;'0.00;Показывается;;03.08.2020 12:21;;'5.46;'1.1;0;0;0;0;0;0;1862.00;3724.00;;10%
'143320303-черный-36;29858003;184578602;4811566360257;Слипоны для девочек / Кожаные слипоны детские Shuzzi;'57.5;Shuzzi;Готов к продаже;;1;'0.00;Показывается;;03.08.2020 12:21;;'5.46;'1.1;0;0;0;0;0;0;1624.00;4060.00;;10%
'143320303-черный-35;29858004;184578605;4811566360240;Слипоны для девочек / Кожаные слипоны детские Shuzzi;'57.5;Shuzzi;Готов к продаже;;2;'0.00;Показывается;;03.08.2020 12:21;;'5.46;'1.1;0;0;0;0;0;0;1624.00;4060.00;;10%
'143320303-черный-34;29858005;184578603;4811566360233;Слипоны для девочек / Кожаные слипоны детские Shuzzi;'57.5;Shuzzi;Готов к продаже;;0;'0.00;Показывается;;03.08.2020 12:21;;'5.46;'1.1;0;0;0;0;0;0;1624.00;4060.00;;10%
'143320303-черный-33;29858006;184578604;4811566360226;Слипоны для девочек / Кожаные слипоны детские Shuzzi;'57.5;Shuzzi;Готов к продаже;;0;'0.00;Показывается;;03.08.2020 12:21;;'5.46;'1.1;0;0;0;0;0;0;1624.00;4060.00;;10%
'143320301-черный-33;29858007;184411309;4811566360547;Полуботинки Shuzzi для девочек;'80;Shuzzi;Готов к продаже;;0;'0.00;Показывается;;03.08.2020 12:21;;'5.46;'1.1;0;0;0;0;0;0;1862.00;3724.00;;10%
'143320201-черный-37;29858008;184411316;4811566360356;Кроссовки Shuzzi для девочек;'80;Shuzzi;Готов к продаже;;0;'0.00;Показывается;;03.08.2020 12:21;;'5.46;'1.1;0;0;0;0;0;0;1649.00;4122.00;;10%
'143320301-черный-34;29858009;184411319;4811566360554;Полуботинки Shuzzi для девочек;'80;Shuzzi;Готов к продаже;;3;'0.00;Показывается;;03.08.2020 12:21;;'5.46;'1.1;0;0;0;0;0;0;1862.00;3724.00;;10%
'143320301-черный-35;29858010;184411317;4811566360561;Полуботинки Shuzzi для девочек;'80;Shuzzi;Готов к продаже;;2;'0.00;Показывается;;03.08.2020 12:21;;'5.46;'1.1;0;0;0;0;0;0;1862.00;3724.00;;10%
'143320301-черный-32;29858011;184411315;4811566360530;Полуботинки Shuzzi для девочек;'80;Shuzzi;Готов к продаже;;1;'0.00;Показывается;;03.08.2020 12:21;;'5.46;'1.1;0;0;0;0;0;0;1862.00;3724.00;;10%
'143320201-черный-35;29858012;184411318;4811566360332;Кроссовки Shuzzi для девочек;'80;Shuzzi;Готов к продаже;;0;'0.00;Показывается;;03.08.2020 12:21;;'5.46;'1.1;0;0;0;0;0;0;1649.00;4122.00;;10%
'143320201-черный-36;29858013;184411325;4811566360349;Кроссовки Shuzzi для девочек;'80;Shuzzi;Готов к продаже;;1;'0.00;Показывается;;03.08.2020 12:21;;'5.46;'1.1;0;0;0;0;0;0;1649.00;4122.00;;10%
'143320201-черный-33;29858014;184411328;4811566360318;Кроссовки Shuzzi для девочек;'80;Shuzzi;Готов к продаже;;0;'0.00;Показывается;;03.08.2020 12:21;;'5.46;'1.1;0;0;0;0;0;0;1649.00;4122.00;;10%
'143320115-белый-37;29858015;184573884;4811566360523;Кроссовки Shuzzi для девочек;'72.5;Shuzzi;Готов к продаже;;1;'0.00;Показывается;;03.08.2020 12:21;;'5.46;'1.1;0;0;0;0;0;0;1817.00;4542.00;;10%
'143320201-черный-34;29858016;184411329;4811566360325;Кроссовки Shuzzi для девочек;'80;Shuzzi;Готов к продаже;;0;'0.00;Показывается;;03.08.2020 12:21;;'5.46;'1.1;0;0;0;0;0;0;1649.00;4122.00;;10%
'143320115-белый-33;29858017;184573885;4811566360486;Кроссовки Shuzzi для девочек;'72.5;Shuzzi;Готов к продаже;;1;'0.00;Показывается;;03.08.2020 12:21;;'5.46;'1.1;0;0;0;0;0;0;1817.00;4542.00;;10%
'143320115-белый-32;29858018;184573888;4811566360479;Кроссовки Shuzzi для девочек;'72.5;Shuzzi;Готов к продаже;;0;'0.00;Показывается;;03.08.2020 12:21;;'5.46;'1.1;0;0;0;0;0;0;1817.00;4542.00;;10%
'143320115-белый-36;29858019;184573887;4811566360516;Кроссовки Shuzzi для девочек;'72.5;Shuzzi;Готов к продаже;;0;'0.00;Показывается;;03.08.2020 12:21;;'5.46;'1.1;0;0;0;0;0;0;1817.00;4542.00;;10%
'143320115-белый-34;29858020;184573886;4811566360493;Кроссовки Shuzzi для девочек;'72.5;Shuzzi;Готов к продаже;;0;'0.00;Показывается;;03.08.2020 12:21;;'5.46;'1.1;0;0;0;0;0;0;1817.00;4542.00;;10%
'143320115-белый-35;29858021;184573896;4811566360509;Кроссовки Shuzzi для девочек;'72.5;Shuzzi;Готов к продаже;;2;'0.00;Показывается;;03.08.2020 12:21;;'5.46;'1.1;0;0;0;0;0;0;1817.00;4542.00;;10%
'143319963-черный-34;29858022;184411327;4811566360592;Кроссовки Shuzzi для девочек;'72.5;Shuzzi;Готов к продаже;;0;'0.00;Показывается;;03.08.2020 12:21;;'5.46;'1.1;0;0;0;0;0;0;1245.00;2490.00;;10%
'143319963-черный-35;29858023;184411326;4811566360608;Кроссовки Shuzzi для девочек;'72.5;Shuzzi;Готов к продаже;;0;'0.00;Показывается;;03.08.2020 12:21;;'5.46;'1.1;0;0;0;0;0;0;1245.00;2490.00;;10%
'143319963-черный-33;29858024;184411339;4811566360585;Кроссовки Shuzzi для девочек;'72.5;Shuzzi;Готов к продаже;;0;'0.00;Показывается;;03.08.2020 12:21;;'5.46;'1.1;0;0;0;0;0;0;1245.00;2490.00;;10%
'143319963-черный-37;29858025;184411335;4811566360622;Кроссовки Shuzzi для девочек;'57.5;Shuzzi;Готов к продаже;;1;'0.00;Показывается;;03.08.2020 12:21;;'5.46;'1.1;0;0;0;0;0;0;1245.00;2490.00;;10%
'143319963-черный-36;29858026;184411336;4811566360615;Кроссовки Shuzzi для девочек;'72.5;Shuzzi;Готов к продаже;;0;'0.00;Показывается;;03.08.2020 12:21;;'5.46;'1.1;0;0;0;0;0;0;1245.00;2490.00;;10%
'143319200-черный-36;29858027;184573895;4811566360301;Кеды детские девочки подростковые спортивные полукеды демисезонные;'57.5;Shuzzi;Готов к продаже;;3;'0.00;Показывается;;03.08.2020 12:21;;'5.46;'1.1;0;0;0;0;0;0;1566.00;3915.00;;10%
'143319200-черный-35;29858028;184573897;4811566360295;Кеды детские девочки подростковые спортивные полукеды демисезонные;'57.5;Shuzzi;Готов к продаже;;1;'0.00;Показывается;;03.08.2020 12:21;;'5.46;'1.1;0;0;0;0;0;0;1566.00;3915.00;;10%
'143319200-черный-34;29858029;184573898;4811566360288;Кеды детские для девочек подростковые, спортивная обувь полукеды весна демисезон;'57.5;Shuzzi;Готов к продаже;;0;'0.00;Показывается;;03.08.2020 12:21;;'5.46;'1.1;0;0;0;0;0;0;1566.00;3915.00;;10%
'143319200-черный-32;29858030;184573894;4811566360264;Кеды детские для девочек подростковые, спортивная обувь полукеды весна демисезон;'57.5;Shuzzi;Готов к продаже;;0;'0.00;Показывается;;03.08.2020 12:21;;'5.46;'1.1;0;0;0;0;0;0;1566.00;3915.00;;10%
'143319200-черный-33;29858031;184573904;4811566360271;Кеды детские для девочек подростковые, спортивная обувь полукеды весна демисезон;'57.5;Shuzzi;Готов к продаже;;0;'0.00;Показывается;;03.08.2020 12:21;;'5.46;'1.1;0;0;0;0;0;0;1566.00;3915.00;;10%
'1433192001-черный-36;29858032;184573906;4811566360196;Кеды детские для девочек подростковые, спортивная обувь полукеды весна демисезон;'57.5;Shuzzi;Готов к продаже;;0;'0.00;Показывается;;03.08.2020 12:21;;'5.46;'1.1;0;0;0;0;0;0;1529.00;3822.00;;10%
'1433192001-черный-35;29858033;184573905;4811566360189;Кеды детские для девочек подростковые, спортивная обувь полукеды весна демисезон;'57.5;Shuzzi;Готов к продаже;;0;'0.00;Показывается;;03.08.2020 12:21;;'5.46;'1.1;0;0;0;0;0;0;1529.00;3822.00;;10%
'1433192001-черный-34;29858034;184573907;4811566360172;Кеды детские девочки подростковые спортивные полукеды демисезонные;'57.5;Shuzzi;Готов к продаже;;0;'0.00;Показывается;;03.08.2020 12:21;;'5.46;'1.1;0;0;0;0;0;0;1529.00;3822.00;;10%
'1433192001-черный-33;29858035;184573908;4811566360165;Кеды детские девочки подростковые спортивные полукеды демисезонные;'57.5;Shuzzi;Готов к продаже;;0;'0.00;Показывается;;03.08.2020 12:21;;'5.46;'1.1;0;0;0;0;0;0;1529.00;3822.00;;10%
'1433192001-черный-37;29858036;184573914;4811566360202;Кеды детские для девочек подростковые, спортивная обувь полукеды весна демисезон;'57.5;Shuzzi;Готов к продаже;;1;'0.00;Показывается;;03.08.2020 12:21;;'5.46;'1.1;0;0;0;0;0;0;1529.00;3822.00;;10%
'142902193-черный-38;29858038;184411337;4811566362183;Кроссовки женские, Полуботинки спортивные для женщин;'57.5;Obba;Готов к продаже;;0;'0.00;Показывается;;03.08.2020 12:21;;'4.86;'1.0;0;0;0;0;0;0;2318.00;5795.00;;20%
'142902193-черный-39;29858039;184411338;4811566362190;Кроссовки женские, Полуботинки спортивные для женщин;'57.5;Obba;Готов к продаже;;0;'0.00;Показывается;;03.08.2020 12:21;;'4.86;'1.0;0;0;0;0;0;0;2318.00;5795.00;;20%
'14281222-синий-45;29858040;184573916;4811566359435;Кроссовки мужские, полуботинк спортивные, ботинки для мужчин;'65;O.Live naturalle;Готов к продаже;;0;'0.00;Показывается;;03.08.2020 12:21;;'7.96;'1.6;0;0;0;0;0;0;2740.00;6850.00;;20%
'142902193-черный-41;29858041;184411345;4811566362213;Кроссовки женские, Полуботинки спортивные для женщин;'57.5;Obba;Готов к продаже;;1;'0.00;Показывается;;03.08.2020 12:21;;'4.86;'1.0;0;0;0;0;0;0;2318.00;5795.00;;20%
'142902193-черный-40;29858042;184411347;4811566362206;Кроссовки женские, Полуботинки спортивные для женщин;'57.5;Obba;Готов к продаже;;0;'0.00;Показывается;;03.08.2020 12:21;;'4.86;'1.0;0;0;0;0;0;0;2318.00;5795.00;;20%
'14281222-синий-44;29858043;184573915;4811566359428;Кроссовки мужские, полуботинк спортивные, ботинки для мужчин;'65;O.Live naturalle;Готов к продаже;;1;'0.00;Показывается;;03.08.2020 12:21;;'7.96;'1.6;0;0;0;0;0;0;2740.00;6850.00;;20%
'14281222-синий-42;29858044;184573918;4811566359404;Кроссовки мужские, полуботинк спортивные, ботинки для мужчин;'65;O.Live naturalle;Готов к продаже;;0;'0.00;Показывается;;03.08.2020 12:21;;'7.96;'1.6;0;0;0;0;0;0;2740.00;6850.00;;20%
'14281222-синий-43;29858045;184573917;4811566359411;Кроссовки мужские, полуботинк спортивные, ботинки для мужчин;'65;O.Live naturalle;Готов к продаже;;2;'0.00;Показывается;;03.08.2020 12:21;;'7.96;'1.6;0;0;0;0;0;0;2740.00;6850.00;;20%
'14281222-синий-40;29858046;184573927;4811566359381;Кроссовки мужские, полуботинк спортивные, ботинки для мужчин;'65;O.Live naturalle;Готов к продаже;;1;'0.00;Показывается;;03.08.2020 12:21;;'7.96;'1.6;0;0;0;0;0;0;2740.00;6850.00;;20%
'14281222-синий-41;29858047;184573928;4811566359398;Кроссовки мужские, полуботинк спортивные, ботинки для мужчин;'65;O.Live naturalle;Готов к продаже;;0;'0.00;Показывается;;03.08.2020 12:21;;'7.96;'1.6;0;0;0;0;0;0;2740.00;6850.00;;20%
'142019080-черный-38;29858048;184411346;4811566368178;Кроссовки женские, Полуботинки спортивные для женщин;'57.5;Obba;Готов к продаже;;1;'0.00;Показывается;;03.08.2020 12:21;;'4.86;'1.0;0;0;0;0;0;0;3727.00;9317.00;;20%
'140090531-серый-32;29858049;184573925;4811566361704;Туфли Shuzzi для девочек;'50;Shuzzi;Готов к продаже;;1;'0.00;Показывается;;03.08.2020 12:21;;'3.34;'0.8;0;0;0;0;0;0;1388.00;3470.00;;10%
'140090531-серый-31;29858050;184573924;4811566361698;Туфли Shuzzi для девочек;'50;Shuzzi;Готов к продаже;;0;'0.00;Показывается;;03.08.2020 12:21;;'3.34;'0.8;0;0;0;0;0;0;1388.00;3470.00;;10%
'142019080-черный-39;29858051;184411349;4811566368185;Кроссовки женские, Полуботинки спортивные для женщин;'57.5;Obba;Готов к продаже;;1;'0.00;Показывается;;03.08.2020 12:21;;'4.86;'1.0;0;0;0;0;0;0;3727.00;9317.00;;20%
'140090531-серый-30;29858052;184573926;4811566361681;Туфли Shuzzi для девочек;'50;Shuzzi;Готов к продаже;;0;'0.00;Показывается;;03.08.2020 12:21;;'3.34;'0.8;0;0;0;0;0;0;1388.00;3470.00;;10%
'140003901-синий-35;29858053;184411348;4811566361742;Туфли Shuzzi для девочек;'50;Shuzzi;Готов к продаже;;0;'0.00;Показывается;;03.08.2020 12:21;;'4.54;'0.9;0;0;0;0;0;0;1427.00;3567.00;;10%
'140090531-серый-29;29858054;184573935;4811566361674;Туфли Shuzzi для девочек;'50;Shuzzi;Готов к продаже;;0;'0.00;Показывается;;03.08.2020 12:21;;'3.34;'0.8;0;0;0;0;0;0;1388.00;3470.00;;10%
'140003901-синий-36;29858055;184411358;4811566361759;Туфли Shuzzi для девочек;'50;Shuzzi;Готов к продаже;;2;'0.00;Показывается;;03.08.2020 12:21;;'4.54;'0.9;0;0;0;0;0;0;1427.00;3567.00;;10%
'140090531-серый-28;29858056;184573938;4811566361667;Туфли Shuzzi для девочек;'50;Shuzzi;Готов к продаже;;0;'0.00;Показывается;;03.08.2020 12:21;;'3.34;'0.8;0;0;0;0;0;0;1388.00;3470.00;;10%
'140003901-синий-37;29858057;184411359;4811566361766;Туфли Shuzzi для девочек;'50;Shuzzi;Готов к продаже;;0;'0.00;Показывается;;03.08.2020 12:21;;'4.54;'0.9;0;0;0;0;0;0;1427.00;3567.00;;10%
'140003901-синий-34;29858058;184411357;4811566361735;Туфли Shuzzi для девочек;'50;Shuzzi;Готов к продаже;;0;'0.00;Показывается;;03.08.2020 12:21;;'4.54;'0.9;0;0;0;0;0;0;1427.00;3567.00;;10%
'140003901-синий-32;29858059;184411355;4811566361711;Туфли Shuzzi для девочек;'50;Shuzzi;Готов к продаже;;0;'0.00;Показывается;;03.08.2020 12:21;;'4.54;'0.9;0;0;0;0;0;0;1427.00;3567.00;;10%
'1398034-черный-39;29858060;184573936;4811566370294;Полуботинки женские, Ботинки на весну и осень;'50;O.Live naturalle;Готов к продаже;;0;'0.00;Показывается;;03.08.2020 12:21;;'4.80;'1.0;0;0;0;0;0;0;2599.00;5198.00;;20%
'140003901-синий-33;29858061;184411356;4811566361728;Туфли Shuzzi для девочек;'50;Shuzzi;Готов к продаже;;0;'0.00;Показывается;;03.08.2020 12:21;;'4.54;'0.9;0;0;0;0;0;0;1427.00;3567.00;;10%
'1398034-черный-38;29858062;184573934;4811566370287;Полуботинки женские, Ботинки на весну и осень;'50;O.Live naturalle;Готов к продаже;;0;'0.00;Показывается;;03.08.2020 12:21;;'4.80;'1.0;0;0;0;0;0;0;2599.00;5198.00;;20%
'1391507-черный-38;29858063;184696375;4811566359589;Ботинки женские на осень;'50;Enjoin;Готов к продаже;;0;'0.00;Показывается;;03.08.2020 12:21;;'4.86;'1.0;0;0;0;0;0;0;1393.00;3482.00;;20%
'1391507-черный-40;29858064;184695383;4811566359602;Ботинки женские на осень;'50;Enjoin;Готов к продаже;;1;'0.00;Показывается;;03.08.2020 12:21;;'4.86;'1.0;0;0;0;0;0;0;1393.00;3482.00;;20%
'138581-черный-39;29858065;184695389;4811566398328;Ботинки женские на осень;'57.5;Enjoin;Готов к продаже;;1;'0.00;Показывается;;03.08.2020 12:21;;'4.86;'1.0;0;0;0;0;0;0;1833.00;4582.00;;20%
'138581-черный-40;29858066;184696370;4811566398335;Ботинки женские на осень;'57.5;Enjoin;Готов к продаже;;1;'0.00;Показывается;;03.08.2020 12:21;;'4.86;'1.0;0;0;0;0;0;0;1833.00;4582.00;;20%
'1391507-черный-39;29858067;184696374;4811566359596;Ботинки женские на осень;'50;Enjoin;Готов к продаже;;2;'0.00;Показывается;;03.08.2020 12:21;;'4.86;'1.0;0;0;0;0;0;0;1393.00;3482.00;;20%
'138224-черный-37;29858068;184573937;4811566392418;Кроссовки женские, Полуботинки спортивные для женщин;'65;Obba;Готов к продаже;;3;'0.00;Показывается;;03.08.2020 12:21;;'4.86;'1.0;0;0;0;0;0;0;3301.00;8252.00;;20%
'138224-черный-40;29858069;184573947;4811566392449;Кроссовки женские, Полуботинки спортивные для женщин;'65;Obba;Готов к продаже;;2;'0.00;Показывается;;03.08.2020 12:21;;'4.86;'1.0;0;0;0;0;0;0;3301.00;8252.00;;20%
'138581-черный-38;29858070;184696398;4811566398311;Ботинки женские на осень;'57.5;Enjoin;Готов к продаже;;0;'0.00;Показывается;;03.08.2020 12:21;;'4.86;'1.0;0;0;0;0;0;0;1833.00;4582.00;;20%
'138224-черный-39;29858071;184573946;4811566392432;Кроссовки женские, Полуботинки спортивные для женщин;'65;Obba;Готов к продаже;;2;'0.00;Показывается;;03.08.2020 12:21;;'4.86;'1.0;0;0;0;0;0;0;3301.00;8252.00;;20%
'138224-черный-38;29858072;184573948;4811566392425;Кроссовки женские, Полуботинки спортивные для женщин;'65;Obba;Готов к продаже;;2;'0.00;Показывается;;03.08.2020 12:21;;'4.86;'1.0;0;0;0;0;0;0;3301.00;8252.00;;20%
'138221-серый-40;29858073;184573945;4811566392326;Кроссовки женские, Полуботинки спортивные для женщин;'70;Obba;Готов к продаже;;2;'0.00;Показывается;;03.08.2020 12:21;;'4.86;'1.0;0;0;0;0;0;0;1999.00;4997.00;;20%
'138221-серый-39;29858074;184573944;4811566392319;Кроссовки женские, Полуботинки спортивные для женщин;'70;Obba;Готов к продаже;;3;'0.00;Показывается;;03.08.2020 12:21;;'4.86;'1.0;0;0;0;0;0;0;1999.00;4997.00;;20%
'138221-серый-37;29858075;184573957;4811566392296;Кроссовки женские, Полуботинки спортивные для женщин;'70;Obba;Готов к продаже;;3;'0.00;Показывается;;03.08.2020 12:21;;'4.86;'1.0;0;0;0;0;0;0;1999.00;4997.00;;20%
'138221-серый-38;29858076;184573955;4811566392302;Кроссовки женские, Полуботинки спортивные для женщин;'70;Obba;Готов к продаже;;1;'0.00;Показывается;;03.08.2020 12:21;;'4.86;'1.0;0;0;0;0;0;0;1999.00;4997.00;;20%
'1303913-черный-46;29858077;184411368;4811566241327;Кроссовки мужские, Полуботинки спортивные для мужчин;'80;X-Plode;Готов к продаже;;0;'0.00;Показывается;;03.08.2020 12:21;;'7.96;'1.6;0;0;0;0;0;0;2549.00;6372.00;;20%
'1303913-черный-45;29858079;184411365;4811566241358;Кроссовки мужские, Полуботинки спортивные для мужчин;'80;X-Plode;Готов к продаже;;1;'0.00;Показывается;;03.08.2020 12:21;;'7.96;'1.6;0;0;0;0;0;0;2549.00;6372.00;;20%
'1303913-черный-44;29858080;184411367;4811566362749;Кроссовки мужские, Полуботинки спортивные для мужчин;'80;X-Plode;Готов к продаже;;2;'0.00;Показывается;;03.08.2020 12:21;;'7.96;'1.6;0;0;0;0;0;0;2549.00;6372.00;;20%
'1303913-черный-41;29858081;184411369;4811566241334;Кроссовки мужские, Полуботинки спортивные для мужчин;'80;X-Plode;Готов к продаже;;0;'0.00;Показывается;;03.08.2020 12:21;;'7.96;'1.6;0;0;0;0;0;0;2549.00;6372.00;;20%
'1303913-черный-42;29858082;184411366;4811566241341;Кроссовки мужские, Полуботинки спортивные для мужчин;'80;X-Plode;Готов к продаже;;1;'0.00;Показывается;;03.08.2020 12:21;;'7.96;'1.6;0;0;0;0;0;0;2549.00;6372.00;;20%
'1303913-черный-43;29858083;184411378;4811566241365;Кроссовки мужские, Полуботинки спортивные для мужчин;'80;X-Plode;Готов к продаже;;1;'0.00;Показывается;;03.08.2020 12:21;;'7.96;'1.6;0;0;0;0;0;0;2549.00;6372.00;;20%
'1303000389-черный-42;29858084;184411379;4811566362763;Демисезонные мужские кроссовки на весну, лето и осень;'90;X-Plode;Продается;;68;'4.70;Показывается;;03.08.2020 12:21;;'7.96;'1.6;30;0;0;0;0;0;4223.00;8560.00;;20%
'1303000389-черный-45;29858085;184411376;4811566362794;Демисезонные мужские кроссовки на весну, лето и осень;'90;X-Plode;Продается;;36;'4.70;Показывается;;03.08.2020 12:21;;'7.96;'1.6;12;0;0;0;0;0;4362.00;8560.00;;20%
'1303000389-черный-44;29858086;184411375;4811566362787;Демисезонные мужские кроссовки на весну, лето и осень;'90;X-Plode;Продается;;69;'4.70;Показывается;;03.08.2020 12:21;;'7.96;'1.6;14;0;0;0;0;0;4362.00;8560.00;;20%
'заменить1303000220-черный-43;29858087;184411377;4811566362770;Демисезонные мужские кроссовки на весну, лето и осень;'80;X-Plode;Готов к продаже;;52;'4.80;Показывается;;03.08.2020 12:21;;'11.05;'2.2;0;0;0;0;0;0;4362.00;8560.00;;20%
'1303000389-черный-46;29858088;184411386;4811566362800;Демисезонные мужские кроссовки на весну, лето и осень;'90;X-Plode;Продается;;21;'4.70;Показывается;;03.08.2020 12:21;;'7.96;'1.6;14;0;0;0;0;0;4362.00;8560.00;;20%
'заменить1303000220-черный-41;29858089;184411385;4811566362756;Демисезонные мужские кроссовки на весну, лето и осень;'80;X-Plode;Готов к продаже;;48;'4.80;Показывается;;03.08.2020 12:21;;'11.05;'2.2;0;0;0;0;0;0;4362.00;8560.00;;20%
'замена13031892-синий-45;29858090;184573956;4811566285222;Кроссовки мужские, Полуботинки спортивные для мужчин;'50;X-Plode;Готов к продаже;;1;'0.00;Показывается;;03.08.2020 12:21;;'7.96;'1.6;0;0;0;0;0;0;2395.00;5987.00;;20%
'13031892-синий-43;29858091;184573958;4811566285253;Кроссовки мужские, Полуботинки спортивные для мужчин;'80;X-Plode;Готов к продаже;;1;'0.00;Показывается;;03.08.2020 12:21;;'7.96;'1.6;0;0;0;0;0;0;2395.00;5987.00;;20%
'13031892-синий-46;29858092;184573954;4811566285239;Кроссовки мужские, Полуботинки спортивные для мужчин;'80;X-Plode;Готов к продаже;;1;'0.00;Показывается;;03.08.2020 12:21;;'7.96;'1.6;0;0;0;0;0;0;2395.00;5987.00;;20%
'замена13031892-синий-44;29858093;184573968;4811566362879;Кроссовки мужские, Полуботинки спортивные для мужчин;'50;X-Plode;Готов к продаже;;1;'0.00;Показывается;;03.08.2020 12:21;;'7.96;'1.6;0;0;0;0;0;0;2395.00;5987.00;;20%
'127420211-зеленый-43;29858094;184696393;4811566376340;Кроссовки мужские, Полуботинки спортивные для мужчин;'72.5;X-Plode;Готов к продаже;;1;'0.00;Показывается;;03.08.2020 12:21;;'7.96;'1.6;0;0;0;0;0;0;2362.00;5905.00;;20%
'13031892-синий-42;29858095;184573964;4811566285260;Кроссовки мужские, Полуботинки спортивные для мужчин;'80;X-Plode;Готов к продаже;;0;'0.00;Показывается;;03.08.2020 12:21;;'7.96;'1.6;0;0;0;0;0;0;2395.00;5987.00;;20%
'замена127420211-зеленый-44;29858096;184695382;4811566376357;Кроссовки мужские, Полуботинки спортивные для мужчин;'50;X-Plode;Готов к продаже;;2;'0.00;Показывается;;03.08.2020 12:21;;'7.96;'1.6;0;0;0;0;0;0;2362.00;5905.00;;20%
'13031892-синий-41;29858097;184573967;4811566285246;Кроссовки мужские, Полуботинки спортивные для мужчин;'80;X-Plode;Готов к продаже;;0;'0.00;Показывается;;03.08.2020 12:21;;'7.96;'1.6;0;0;0;0;0;0;2395.00;5987.00;;20%
'127420211-зеленый-45;29858098;184695439;4811566376364;Кроссовки мужские, Полуботинки спортивные для мужчин;'72.5;X-Plode;Готов к продаже;;1;'0.00;Показывается;;03.08.2020 12:21;;'7.96;'1.6;0;0;0;0;0;0;2362.00;5905.00;;20%
'1198407111-черный-41;29858100;184695940;4811566357646;Ботинки женские на осень;'50;O.Live naturalle;Готов к продаже;;0;'0.00;Показывается;;03.08.2020 12:21;;'4.86;'1.0;0;0;0;0;0;0;2631.00;6577.00;;20%
'127420211-зеленый-41;29858101;184695438;4811566376326;Кроссовки мужские, Полуботинки спортивные для мужчин;'72.5;X-Plode;Готов к продаже;;0;'0.00;Показывается;;03.08.2020 12:21;;'7.96;'1.6;0;0;0;0;0;0;2362.00;5905.00;;20%
'127420211-зеленый-42;29858102;184695399;4811566376333;Кроссовки мужские, Полуботинки спортивные для мужчин;'72.5;X-Plode;Готов к продаже;;0;'0.00;Показывается;;03.08.2020 12:21;;'7.96;'1.6;0;0;0;0;0;0;2362.00;5905.00;;20%
'127420211-зеленый-40;29858103;184695446;4811566376319;Кроссовки мужские, Полуботинки спортивные для мужчин;'72.5;X-Plode;Готов к продаже;;0;'0.00;Показывается;;03.08.2020 12:21;;'7.96;'1.6;0;0;0;0;0;0;2362.00;5905.00;;20%
'1198407111-черный-39;29858104;184695942;4811566357622;Ботинки женские на осень;'50;O.Live naturalle;Готов к продаже;;3;'0.00;Показывается;;03.08.2020 12:21;;'4.86;'1.0;0;0;0;0;0;0;2631.00;6577.00;;20%
'11570032-черный-37;29858105;184411388;4811566246230;Туфли Shuzzi для девочек;'50;Shuzzi;Готов к продаже;;0;'0.00;Показывается;;03.08.2020 12:21;;'4.54;'0.9;0;0;0;0;0;0;1538.00;3845.00;;10%
'1198407111-черный-38;29858106;184695933;4811566357615;Ботинки женские на осень;'50;O.Live naturalle;Готов к продаже;;1;'0.00;Показывается;;03.08.2020 12:21;;'4.86;'1.0;0;0;0;0;0;0;2631.00;6577.00;;20%
'11570032-черный-36;29858107;184411387;4811566246261;Туфли Shuzzi для девочек;'50;Shuzzi;Готов к продаже;;1;'0.00;Показывается;;03.08.2020 12:21;;'4.54;'0.9;0;0;0;0;0;0;1538.00;3845.00;;10%
'1198407111-черный-40;29858108;184695952;4811566357639;Ботинки женские на осень;'50;O.Live naturalle;Готов к продаже;;0;'0.00;Показывается;;03.08.2020 12:21;;'4.86;'1.0;0;0;0;0;0;0;2631.00;6577.00;;20%
'1149891825-белый-40;29858109;184812810;4811566377835;Полуботинки женские осенние белые на массивной платформе, демисезонная обувь для женщин на шнуровке, весенние короткие ботинки на высокой подошве;'72.5;Obba;Готов к продаже;;4;'0.00;Показывается;;03.08.2020 12:21;;'6.60;'1.3;0;0;0;0;0;0;3039.00;6078.00;;20%
'11570032-черный-35;29858110;184411389;4811566246247;Туфли Shuzzi для девочек;'50;Shuzzi;Готов к продаже;;0;'0.00;Показывается;;03.08.2020 12:21;;'4.54;'0.9;0;0;0;0;0;0;1538.00;3845.00;;10%
'11570032-черный-34;29858111;184411395;4811566246285;Туфли Shuzzi для девочек;'50;Shuzzi;Готов к продаже;;1;'0.00;Показывается;;03.08.2020 12:21;;'4.54;'0.9;0;0;0;0;0;0;1538.00;3845.00;;10%
'1149891825-белый-39;29858112;184812809;4811566377828;Полуботинки женские осенние белые на массивной платформе, демисезонная обувь для женщин на шнуровке, весенние короткие ботинки на высокой подошве;'72.5;Obba;Готов к продаже;;8;'0.00;Показывается;;03.08.2020 12:21;;'6.60;'1.3;0;0;0;0;0;0;3039.00;6078.00;;20%
'11570032-черный-33;29858113;184411396;4811566246254;Туфли Shuzzi для девочек;'50;Shuzzi;Готов к продаже;;0;'0.00;Показывается;;03.08.2020 12:21;;'4.54;'0.9;0;0;0;0;0;0;1538.00;3845.00;;10%
'1149190171-черный-39;29858114;184574004;4811566377774;Кроссовки женские, Полуботинки спортивные для женщин;'80;Obba;Готов к продаже;;2;'0.00;Показывается;;03.08.2020 12:21;;'4.86;'1.0;0;0;0;0;0;0;2802.00;5603.00;;20%
'114980676-бордовый-40;29858115;184574008;4811566377712;Лоферы женские на осень и весну, слипоны, полуботинки для женщин;'65;Obba;Готов к продаже;;1;'0.00;Показывается;;03.08.2020 12:21;;'4.17;'0.9;0;0;0;0;0;0;2828.00;5655.00;;20%
'114980676-бордовый-38;29858116;184574007;4811566377699;Лоферы женские на осень и весну, слипоны, полуботинки для женщин;'65;Obba;Готов к продаже;;0;'0.00;Показывается;;03.08.2020 12:21;;'4.17;'0.9;0;0;0;0;0;0;2828.00;5655.00;;20%
'114980676-бордовый-39;29858117;184574016;4811566377705;Лоферы женские на осень и весну, слипоны, полуботинки для женщин;'65;Obba;Готов к продаже;;2;'0.00;Показывается;;03.08.2020 12:21;;'4.17;'0.9;0;0;0;0;0;0;2828.00;5655.00;;20%
'1149891825-белый-38;29858118;184812808;4811566377811;Полуботинки женские осенние белые на массивной платформе, демисезонная обувь для женщин на шнуровке, весенние короткие ботинки на высокой подошве;'72.5;Obba;Готов к продаже;;6;'0.00;Показывается;;03.08.2020 12:21;;'6.60;'1.3;0;0;0;0;0;0;3039.00;6078.00;;20%
'1149190171-черный-37;29858119;184574017;4811566377750;Кроссовки женские, Полуботинки спортивные для женщин;'80;Obba;Готов к продаже;;2;'0.00;Показывается;;03.08.2020 12:21;;'4.86;'1.0;0;0;0;0;0;0;2802.00;5603.00;;20%
'1149190171-черный-38;29858120;184574015;4811566377767;Кроссовки женские, Полуботинки спортивные для женщин;'80;Obba;Готов к продаже;;2;'0.00;Показывается;;03.08.2020 12:21;;'4.86;'1.0;0;0;0;0;0;0;2802.00;5603.00;;20%
'1149172032-бордовый-39;29858121;184574441;4811566377644;Полуботинки женские, Ботинки на весну и осень;'50;Obba;Готов к продаже;;1;'0.00;Показывается;;03.08.2020 12:21;;'4.86;'1.0;0;0;0;0;0;0;1799.00;3598.00;;20%
'1149172032-бордовый-40;29858122;184574442;4811566377651;Полуботинки женские, Ботинки на весну и осень;'50;Obba;Готов к продаже;;2;'0.00;Показывается;;03.08.2020 12:21;;'4.86;'1.0;0;0;0;0;0;0;1799.00;3598.00;;20%
'1149172032-бордовый-38;29858123;184574445;4811566377637;Полуботинки женские, Ботинки на весну и осень;'50;Obba;Готов к продаже;;0;'0.00;Показывается;;03.08.2020 12:21;;'4.86;'1.0;0;0;0;0;0;0;1799.00;3598.00;;20%
'11421904-черный-45;29858124;184574044;4811566377187;Кеды мужские, Спортивные полуботинки, Кроссовки;'72.5;X-Plode;Готов к продаже;;1;'0.00;Показывается;;03.08.2020 12:21;;'7.96;'1.6;0;0;0;0;0;0;2639.00;6597.00;;20%
'11421904-черный-42;29858125;184574053;4811566377156;Кеды мужские, Спортивные полуботинки, Кроссовки;'72.5;X-Plode;Готов к продаже;;0;'0.00;Показывается;;03.08.2020 12:21;;'7.96;'1.6;0;0;0;0;0;0;2639.00;6597.00;;20%
'11421904-черный-44;29858126;184574018;4811566377170;Кеды мужские, Спортивные полуботинки, Кроссовки;'72.5;X-Plode;Готов к продаже;;0;'0.00;Показывается;;03.08.2020 12:21;;'7.96;'1.6;0;0;0;0;0;0;2639.00;6597.00;;20%
'11421904-черный-41;29858127;184574014;4811566377149;Кеды мужские, Спортивные полуботинки, Кроссовки;'72.5;X-Plode;Готов к продаже;;0;'0.00;Показывается;;03.08.2020 12:21;;'7.96;'1.6;0;0;0;0;0;0;2639.00;6597.00;;20%
'11421904-черный-43;29858128;184574026;4811566377163;Кеды мужские, Спортивные полуботинки, Кроссовки;'72.5;X-Plode;Готов к продаже;;1;'0.00;Показывается;;03.08.2020 12:21;;'7.96;'1.6;0;0;0;0;0;0;2639.00;6597.00;;20%
'11421904-черный-40;29858129;184574024;4811566377132;Кеды мужские, Спортивные полуботинки, Кроссовки;'72.5;X-Plode;Готов к продаже;;0;'0.00;Показывается;;03.08.2020 12:21;;'7.96;'1.6;0;0;0;0;0;0;2639.00;6597.00;;20%
'замена1142189621-серый-42;29858130;184411402;4811566377514;Кроссовки мужские, Полуботинки спортивные для мужчин;'50;X-Plode;Готов к продаже;;2;'0.00;Показывается;;03.08.2020 12:21;;'7.96;'1.6;0;0;0;0;0;0;2174.00;5435.00;;20%
'1142189621-серый-45;29858131;184376728;4811566377545;Кроссовки мужские, Полуботинки спортивные для мужчин;'80;X-Plode;Готов к продаже;;1;'0.00;Показывается;;03.08.2020 12:21;;'7.96;'1.6;0;0;0;0;0;0;2174.00;5435.00;;20%
'1142189621-серый-43;29858132;184411398;4811566377521;Кроссовки мужские, Полуботинки спортивные для мужчин;'80;X-Plode;Готов к продаже;;1;'0.00;Показывается;;03.08.2020 12:21;;'7.96;'1.6;0;0;0;0;0;0;2174.00;5435.00;;20%
'1142189621-серый-44;29858133;184411397;4811566377538;Кроссовки мужские, Полуботинки спортивные для мужчин;'80;X-Plode;Готов к продаже;;0;'0.00;Показывается;;03.08.2020 12:21;;'7.96;'1.6;0;0;0;0;0;0;2174.00;5435.00;;20%
'11369511-черный-43;29858134;184574025;4811566366792;Кеды мужские, полуботинки спортивные;'65;O.Live naturalle;Готов к продаже;;0;'0.00;Показывается;;03.08.2020 12:21;;'7.96;'1.6;0;0;0;0;0;0;2250.00;4500.00;;20%
'1142189621-серый-41;29858135;184411405;4811566377507;Кроссовки мужские, Полуботинки спортивные для мужчин;'80;X-Plode;Готов к продаже;;0;'0.00;Показывается;;03.08.2020 12:21;;'7.96;'1.6;0;0;0;0;0;0;2174.00;5435.00;;20%
'11369511-черный-42;29858136;184574030;4811566366785;Кеды мужские, полуботинки спортивные;'65;O.Live naturalle;Готов к продаже;;0;'0.00;Показывается;;03.08.2020 12:21;;'7.96;'1.6;0;0;0;0;0;0;2707.00;6767.00;;20%
'1142189621-серый-40;29858137;184411408;4811566377491;Кроссовки мужские, Полуботинки спортивные для мужчин;'80;X-Plode;Готов к продаже;;0;'0.00;Показывается;;03.08.2020 12:21;;'7.96;'1.6;0;0;0;0;0;0;2174.00;5435.00;;20%
'11369511-черный-44;29858138;184574054;4811566366808;Кеды мужские, полуботинки спортивные;'65;O.Live naturalle;Готов к продаже;;1;'0.00;Показывается;;03.08.2020 12:21;;'7.96;'1.6;0;0;0;0;0;0;2250.00;4500.00;;20%
'11369511-черный-41;29858141;184574055;4811566366778;Кеды мужские, полуботинки спортивные;'65;O.Live naturalle;Готов к продаже;;0;'0.00;Показывается;;03.08.2020 12:21;;'7.96;'1.6;0;0;0;0;0;0;2707.00;6767.00;;20%
'113617622-черный-37;29858142;184574056;4811566366426;Полуботинки Shuzzi для мальчиков;'50;Shuzzi;Готов к продаже;;1;'0.00;Показывается;;03.08.2020 12:21;;'5.85;'1.2;0;0;0;0;0;0;2512.00;6280.00;;10%
'11361637-черный-36;29858143;184574052;4811566366341;Полуботинки Shuzzi для мальчиков;'50;Shuzzi;Готов к продаже;;0;'0.00;Показывается;;03.08.2020 12:21;;'5.46;'1.1;0;0;0;0;0;0;2415.00;6037.00;;10%
'113617622-черный-36;29858144;184574062;4811566366419;Полуботинки Shuzzi для мальчиков;'50;Shuzzi;Готов к продаже;;2;'0.00;Показывается;;03.08.2020 12:21;;'5.85;'1.2;0;0;0;0;0;0;2512.00;6280.00;;10%
'11369511-черный-40;29858145;184574065;4811566366761;Кеды мужские, полуботинки спортивные;'65;O.Live naturalle;Готов к продаже;;0;'0.00;Показывается;;03.08.2020 12:21;;'7.96;'1.6;0;0;0;0;0;0;2250.00;4500.00;;20%
'1136011-черный-36;29858147;184574066;4811566366631;Полуботинки Shuzzi для мальчиков;'50;Shuzzi;Готов к продаже;;0;'0.00;Показывается;;03.08.2020 12:21;;'5.46;'1.1;0;0;0;0;0;0;2435.00;6087.00;;10%
'11361637-черный-34;29858148;184574063;4811566366327;Полуботинки Shuzzi для мальчиков;'50;Shuzzi;Готов к продаже;;0;'0.00;Показывается;;03.08.2020 12:21;;'5.46;'1.1;0;0;0;0;0;0;2415.00;6037.00;;10%
'11361637-черный-33;29858149;184574064;4811566366310;Полуботинки Shuzzi для мальчиков;'50;Shuzzi;Готов к продаже;;0;'0.00;Показывается;;03.08.2020 12:21;;'5.46;'1.1;0;0;0;0;0;0;2415.00;6037.00;;10%
'11361637-черный-35;29858150;184574076;4811566366334;Полуботинки Shuzzi для мальчиков;'50;Shuzzi;Готов к продаже;;0;'0.00;Показывается;;03.08.2020 12:21;;'5.46;'1.1;0;0;0;0;0;0;2415.00;6037.00;;10%
'11361637-черный-32;29858151;184574075;4811566366303;Полуботинки Shuzzi для мальчиков;'50;Shuzzi;Готов к продаже;;0;'0.00;Показывается;;03.08.2020 12:21;;'5.46;'1.1;0;0;0;0;0;0;2415.00;6037.00;;10%
'1136011-черный-33;29858161;184574073;4811566366600;Полуботинки Shuzzi для мальчиков;'50;Shuzzi;Готов к продаже;;0;'0.00;Показывается;;03.08.2020 12:21;;'5.46;'1.1;0;0;0;0;0;0;2435.00;6087.00;;10%
'1136011-черный-35;29858162;184574072;4811566366624;Полуботинки Shuzzi для мальчиков;'50;Shuzzi;Готов к продаже;;0;'0.00;Показывается;;03.08.2020 12:21;;'5.46;'1.1;0;0;0;0;0;0;2435.00;6087.00;;10%
'1136011-черный-34;29858163;184574074;4811566366617;Полуботинки Shuzzi для мальчиков;'50;Shuzzi;Готов к продаже;;0;'0.00;Показывается;;03.08.2020 12:21;;'5.46;'1.1;0;0;0;0;0;0;2435.00;6087.00;;10%
'1136011-черный-32;29858164;184574085;4811566366594;Полуботинки Shuzzi для мальчиков;'50;Shuzzi;Готов к продаже;;1;'0.00;Показывается;;03.08.2020 12:21;;'5.46;'1.1;0;0;0;0;0;0;2435.00;6087.00;;10%
'1136011-черный-31;29858165;184574084;4811566366587;Полуботинки Shuzzi для мальчиков;'50;Shuzzi;Готов к продаже;;0;'0.00;Показывается;;03.08.2020 12:21;;'5.46;'1.1;0;0;0;0;0;0;2435.00;6087.00;;10%
'1132101-серый-41;29858167;184376729;4811566363678;Кроссовки мужские, Полуботинки спортивные для мужчин;'80;X-Plode;Готов к продаже;;0;'0.00;Показывается;;03.08.2020 12:21;;'7.96;'1.6;0;0;0;0;0;0;1529.00;3822.00;;20%
'1132101-серый-45;29858168;184376738;4811566363715;Кроссовки мужские, Полуботинки спортивные для мужчин;'80;X-Plode;Готов к продаже;;1;'0.00;Показывается;;03.08.2020 12:21;;'7.96;'1.6;0;0;0;0;0;0;1529.00;3822.00;;20%
'1132101-серый-42;29858169;184376737;4811566363685;Кроссовки мужские, Полуботинки спортивные для мужчин;'80;X-Plode;Готов к продаже;;0;'0.00;Показывается;;03.08.2020 12:21;;'7.96;'1.6;0;0;0;0;0;0;1529.00;3822.00;;20%
'1132101-серый-43;29858170;184376740;4811566363692;Кроссовки мужские, Полуботинки спортивные для мужчин;'80;X-Plode;Готов к продаже;;3;'0.00;Показывается;;03.08.2020 12:21;;'7.96;'1.6;0;0;0;0;0;0;1529.00;3822.00;;20%
'1132101-серый-44;29858171;184376742;4811566363708;Кроссовки мужские, Полуботинки спортивные для мужчин;'80;X-Plode;Готов к продаже;;0;'0.00;Показывается;;03.08.2020 12:21;;'7.96;'1.6;0;0;0;0;0;0;1529.00;3822.00;;20%
'1132101-серый-40;29858172;184376739;4811566363661;Кроссовки мужские, Полуботинки спортивные для мужчин;'80;X-Plode;Готов к продаже;;1;'0.00;Показывается;;03.08.2020 12:21;;'7.96;'1.6;0;0;0;0;0;0;1529.00;3822.00;;20%
'1132042-черный-43;29858173;184376751;4811566363203;Кроссовки мужские, Полуботинки спортивные для мужчин;'72.5;X-Plode;Готов к продаже;;1;'0.00;Показывается;;03.08.2020 12:21;;'7.96;'1.6;0;0;0;0;0;0;1979.00;4947.00;;20%
'1132042-черный-42;29858174;184376754;4811566363197;Кроссовки мужские, Полуботинки спортивные для мужчин;'72.5;X-Plode;Готов к продаже;;0;'0.00;Показывается;;03.08.2020 12:21;;'7.96;'1.6;0;0;0;0;0;0;1979.00;4947.00;;20%
'1132042-черный-45;29858175;184376752;4811566363227;Кроссовки мужские, Полуботинки спортивные для мужчин;'72.5;X-Plode;Готов к продаже;;0;'0.00;Показывается;;03.08.2020 12:21;;'7.96;'1.6;0;0;0;0;0;0;1979.00;4947.00;;20%
'1132042-черный-44;29858176;184376753;4811566363210;Кроссовки мужские, Полуботинки спортивные для мужчин;'72.5;X-Plode;Готов к продаже;;0;'0.00;Показывается;;03.08.2020 12:21;;'7.96;'1.6;0;0;0;0;0;0;1979.00;4947.00;;20%
'1132035-черный-45;29858177;184574086;4811566363401;Кроссовки мужские, Полуботинки спортивные для мужчин;'80;X-Plode;Готов к продаже;;0;'0.00;Показывается;;03.08.2020 12:21;;'6.63;'1.3;0;0;0;0;0;0;3415.00;8537.00;;20%
'1132035-черный-43;29858178;184574083;4811566363388;Кроссовки мужские, Полуботинки спортивные для мужчин;'80;X-Plode;Готов к продаже;;1;'0.00;Показывается;;03.08.2020 12:21;;'7.96;'1.6;0;0;0;0;0;0;3415.00;8537.00;;20%
'1132042-черный-41;29858179;184376750;4811566363180;Кроссовки мужские, Полуботинки спортивные для мужчин;'72.5;X-Plode;Готов к продаже;;0;'0.00;Показывается;;03.08.2020 12:21;;'7.96;'1.6;0;0;0;0;0;0;1979.00;4947.00;;20%
'1132035-черный-44;29858180;184574082;4811566363395;Кроссовки мужские, Полуботинки спортивные для мужчин;'80;X-Plode;Готов к продаже;;0;'0.00;Показывается;;03.08.2020 12:21;;'7.96;'1.6;0;0;0;0;0;0;3415.00;8537.00;;20%
'1132042-черный-40;29858181;184376763;4811566363173;Кроссовки мужские, Полуботинки спортивные для мужчин;'72.5;X-Plode;Готов к продаже;;0;'0.00;Показывается;;03.08.2020 12:21;;'7.96;'1.6;0;0;0;0;0;0;1979.00;4947.00;;20%
'1132035-черный-41;29858182;184574094;4811566363364;Кроссовки мужские, Полуботинки спортивные для мужчин;'80;X-Plode;Готов к продаже;;2;'0.00;Показывается;;03.08.2020 12:21;;'7.96;'1.6;0;0;0;0;0;0;3415.00;8537.00;;20%
'112521070-черный-40;29858183;184695397;4811566360158;Ботильоны женские на каждый день / сапожки для женщин / полусапожки;'50;Enjoin;Готов к продаже;;1;'0.00;Показывается;;03.08.2020 12:21;;'4.86;'1.0;0;0;0;0;0;0;2654.00;6635.00;;20%
'112521070-черный-39;29858184;184695405;4811566360141;Ботильоны женские на каждый день / сапожки для женщин / полусапожки;'50;Enjoin;Готов к продаже;;2;'0.00;Показывается;;03.08.2020 12:21;;'4.86;'1.0;0;0;0;0;0;0;2654.00;6635.00;;20%
'1132035-черный-40;29858185;184574093;4811566363357;Кроссовки мужские, Полуботинки спортивные для мужчин;'80;X-Plode;Готов к продаже;;1;'0.00;Показывается;;03.08.2020 12:21;;'7.96;'1.6;0;0;0;0;0;0;3415.00;8537.00;;20%
'1132035-черный-42;29858186;184574130;4811566363371;Кроссовки мужские, Полуботинки спортивные для мужчин;'80;X-Plode;Готов к продаже;;1;'0.00;Показывается;;03.08.2020 12:21;;'7.96;'1.6;0;0;0;0;0;0;3415.00;8537.00;;20%
'1110822512-черный-40;29858187;184574138;4811566362008;Туфли лодочки женские на шпильке;'50;Obba;Готов к продаже;;1;'0.00;Показывается;;03.08.2020 12:21;;'5.85;'1.2;0;0;0;0;0;0;1672.00;4180.00;;20%
'1110822512-черный-37;29858188;184574092;4811566361971;Туфли лодочки женские на шпильке;'50;Obba;Готов к продаже;;0;'0.00;Показывается;;03.08.2020 12:21;;'5.85;'1.2;0;0;0;0;0;0;1672.00;4180.00;;20%
'1110822512-черный-39;29858189;184574095;4811566361995;Туфли лодочки женские на шпильке;'50;Obba;Готов к продаже;;0;'0.00;Показывается;;03.08.2020 12:21;;'5.85;'1.2;0;0;0;0;0;0;1672.00;4180.00;;20%
'1110822512-черный-38;29858190;184574142;4811566361988;Туфли лодочки женские на шпильке;'50;Obba;Готов к продаже;;0;'0.00;Показывается;;03.08.2020 12:21;;'5.85;'1.2;0;0;0;0;0;0;1672.00;4180.00;;20%
'112521070-черный-38;29858191;184695445;4811566360134;Ботильоны женские на каждый день / сапожки для женщин / полусапожки;'50;Enjoin;Готов к продаже;;0;'0.00;Показывается;;03.08.2020 12:21;;'4.86;'1.0;0;0;0;0;0;0;2654.00;6635.00;;20%
'111026921-черный-40;29858192;184574140;4610178244739;Туфли женские лодочки на каблуке / Женские туфли на низком каблуке черные / Удобные туфли на каждый день / Туфли на свадьбу / Серые туфли на каблуке / Замшевые туфли женские / Классические туфли / Туфли на толстом каблуке;'62.5;Obba;Готов к продаже;;0;'5.00;Показывается;;03.08.2020 12:21;;'4.86;'1.0;0;0;0;0;0;0;1998.00;3996.00;;20%
'11102951-красный-37;29858193;184574096;4811566362114;Туфли лодочки женские на шпильке;'50;Obba;Готов к продаже;;3;'0.00;Показывается;;03.08.2020 12:21;;'5.85;'1.2;0;0;0;0;0;0;1246.00;3115.00;;20%
'11102951-красный-40;29858194;184574141;4811566362145;Туфли лодочки женские на шпильке;'50;Obba;Готов к продаже;;2;'0.00;Показывается;;03.08.2020 12:21;;'5.85;'1.2;0;0;0;0;0;0;1246.00;3115.00;;20%
'11102951-красный-38;29858195;184574139;4811566362121;Туфли лодочки женские на шпильке;'50;Obba;Готов к продаже;;0;'0.00;Показывается;;03.08.2020 12:21;;'5.85;'1.2;0;0;0;0;0;0;1246.00;3115.00;;20%
'11102951-красный-39;29858196;184574151;4811566362138;Туфли лодочки женские на шпильке;'50;Obba;Готов к продаже;;0;'0.00;Показывается;;03.08.2020 12:21;;'5.85;'1.2;0;0;0;0;0;0;1246.00;3115.00;;20%
'106220002-коричневый-44;29858197;184389715;4811566365535;Туфли мужские, Полуботинки классические, Ботинки для мужчин;'50;O.Live naturalle;Готов к продаже;;1;'0.00;Показывается;;03.08.2020 12:21;;'7.96;'1.6;0;0;0;0;0;0;2595.00;6487.00;;20%
'111026921-черный-39;29858198;184574150;4610178244722;Туфли женские лодочки на каблуке / Женские туфли на низком каблуке черные / Удобные туфли на каждый день / Туфли на свадьбу / Серые туфли на каблуке / Замшевые туфли женские / Классические туфли / Туфли на толстом каблуке;'62.5;Obba;Готов к продаже;;6;'5.00;Показывается;;03.08.2020 12:21;;'4.86;'1.0;0;0;0;0;0;0;1998.00;3996.00;;20%
'111026921-черный-37;29858199;184574152;4610178244708;Туфли женские лодочки на каблуке / Женские туфли на низком каблуке черные / Удобные туфли на каждый день / Туфли на свадьбу / Серые туфли на каблуке / Замшевые туфли женские / Классические туфли / Туфли на толстом каблуке;'62.5;Obba;Готов к продаже;;3;'5.00;Показывается;;03.08.2020 12:21;;'4.86;'1.0;0;0;0;0;0;0;1998.00;3996.00;;20%
'111026921-черный-38;29858200;184574153;4610178244715;Туфли женские лодочки на каблуке / Женские туфли на низком каблуке черные / Удобные туфли на каждый день / Туфли на свадьбу / Серые туфли на каблуке / Замшевые туфли женские / Классические туфли / Туфли на толстом каблуке;'62.5;Obba;Готов к продаже;;4;'5.00;Показывается;;03.08.2020 12:21;;'4.86;'1.0;0;0;0;0;0;0;1998.00;3996.00;;20%
'106220002-коричневый-45;29858201;184389713;4811566365542;Туфли мужские, Полуботинки классические, Ботинки для мужчин;'50;O.Live naturalle;Готов к продаже;;0;'0.00;Показывается;;03.08.2020 12:21;;'7.96;'1.6;0;0;0;0;0;0;2595.00;6487.00;;20%
'106220002-коричневый-41;29858202;184389714;4811566365504;Туфли мужские, Полуботинки классические, Ботинки для мужчин;'50;O.Live naturalle;Готов к продаже;;0;'0.00;Показывается;;03.08.2020 12:21;;'7.96;'1.6;0;0;0;0;0;0;2595.00;6487.00;;20%
'106220002-коричневый-40;29858203;184389711;4811566365498;Туфли мужские, Полуботинки классические, Ботинки для мужчин;'50;O.Live naturalle;Готов к продаже;;0;'0.00;Показывается;;03.08.2020 12:21;;'7.96;'1.6;0;0;0;0;0;0;2595.00;6487.00;;20%
'106220002-коричневый-42;29858204;184389712;4811566365511;Туфли мужские, Полуботинки классические, Ботинки для мужчин;'50;O.Live naturalle;Готов к продаже;;1;'0.00;Показывается;;03.08.2020 12:21;;'7.96;'1.6;0;0;0;0;0;0;2595.00;6487.00;;20%
'106220002-коричневый-43;29858205;184389725;4811566365528;Туфли мужские, Полуботинки классические, Ботинки для мужчин;'50;O.Live naturalle;Готов к продаже;;2;'0.00;Показывается;;03.08.2020 12:21;;'7.96;'1.6;0;0;0;0;0;0;2595.00;6487.00;;20%
'замена106205-синий-45;29858206;184389721;4811566365603;Полуботинки мужские, Ботинки для мужчин;'30;O.Live naturalle;Готов к продаже;;2;'0.00;Показывается;;03.08.2020 12:21;;'8.16;'1.6;0;0;0;0;0;0;3899.00;7798.00;;20%
'106205-синий-40;29858213;184389723;4811566365559;Полуботинки мужские, Ботинки для мужчин;'57.5;O.Live naturalle;Готов к продаже;;0;'0.00;Показывается;;03.08.2020 12:21;;'8.16;'1.6;0;0;0;0;0;0;3899.00;7798.00;;20%
'106205-синий-41;29858214;184389724;4811566365566;Полуботинки мужские, Ботинки для мужчин;'57.5;O.Live naturalle;Готов к продаже;;0;'0.00;Показывается;;03.08.2020 12:21;;'8.16;'1.6;0;0;0;0;0;0;3899.00;7798.00;;20%
'106205-синий-44;29858215;184389722;4811566365597;Полуботинки мужские, Ботинки для мужчин;'57.5;O.Live naturalle;Готов к продаже;;1;'0.00;Показывается;;03.08.2020 12:21;;'8.16;'1.6;0;0;0;0;0;0;3899.00;7798.00;;20%
'106205-синий-42;29858216;184389735;4811566365573;Полуботинки мужские, Ботинки для мужчин;'57.5;O.Live naturalle;Готов к продаже;;2;'0.00;Показывается;;03.08.2020 12:21;;'8.16;'1.6;0;0;0;0;0;0;3899.00;7798.00;;20%
'106205-синий-43;29858217;184389732;4811566365580;Полуботинки мужские, Ботинки для мужчин;'57.5;O.Live naturalle;Готов к продаже;;2;'0.00;Показывается;;03.08.2020 12:21;;'8.16;'1.6;0;0;0;0;0;0;3899.00;7798.00;;20%
'1062041-коричневый-45;29858222;184389734;4811566365665;Туфли мужские, Полуботинки классические;'50;O.Live naturalle;Готов к продаже;;1;'0.00;Показывается;;03.08.2020 12:21;;'7.96;'1.6;0;0;0;0;0;0;1799.00;4497.00;;20%
'1062041-коричневый-44;29858223;184389733;4811566365658;Туфли мужские, Полуботинки классические;'50;O.Live naturalle;Готов к продаже;;0;'0.00;Показывается;;03.08.2020 12:21;;'7.96;'1.6;0;0;0;0;0;0;1799.00;4497.00;;20%
'1062041-коричневый-43;29858224;184389731;4811566365641;Туфли мужские, Полуботинки классические;'50;O.Live naturalle;Готов к продаже;;1;'0.00;Показывается;;03.08.2020 12:21;;'7.96;'1.6;0;0;0;0;0;0;1799.00;4497.00;;20%
'1062041-коричневый-41;29858225;184389749;4811566365627;Туфли мужские, Полуботинки классические;'50;O.Live naturalle;Готов к продаже;;0;'0.00;Показывается;;03.08.2020 12:21;;'7.96;'1.6;0;0;0;0;0;0;1799.00;4497.00;;20%
'1062041-коричневый-42;29858226;184389744;4811566365634;Туфли мужские, Полуботинки классические;'50;O.Live naturalle;Готов к продаже;;0;'0.00;Показывается;;03.08.2020 12:21;;'7.96;'1.6;0;0;0;0;0;0;1799.00;4497.00;;20%
'замена102690944-бежевый-42;29858227;184574154;4811566374254;Кроссовки мужские, полуботинк спортивные, ботинки для мужчин;'50;X-Plode;Готов к продаже;;3;'4.80;Показывается;;03.08.2020 12:21;;'7.96;'1.6;0;0;0;0;0;0;1999.00;3998.00;;20%
'1062041-коричневый-40;29858228;184389743;4811566365610;Туфли мужские, Полуботинки классические;'50;O.Live naturalle;Готов к продаже;;0;'0.00;Показывается;;03.08.2020 12:21;;'7.96;'1.6;0;0;0;0;0;0;1799.00;4497.00;;20%
'102690944-бежевый-44;29858229;184574164;4811566374278;Кроссовки мужские, полуботинк спортивные, ботинки для мужчин;'80;X-Plode;Готов к продаже;;4;'4.80;Показывается;;03.08.2020 12:21;;'7.96;'1.6;0;0;0;0;0;0;1999.00;3998.00;;20%
'102690944-бежевый-45;29858230;184574161;4811566374285;Кроссовки мужские, полуботинк спортивные, ботинки для мужчин;'80;X-Plode;Готов к продаже;;5;'4.80;Показывается;;03.08.2020 12:21;;'7.96;'1.6;0;0;0;0;0;0;1999.00;3998.00;;20%
'замена102690944-бежевый-43;29858231;184574162;4811566374261;Кроссовки мужские, полуботинк спортивные, ботинки для мужчин;'50;X-Plode;Готов к продаже;;3;'4.80;Показывается;;03.08.2020 12:21;;'7.96;'1.6;0;0;0;0;0;0;1999.00;3998.00;;20%
'102690943-синий-44;29858232;184574163;4811566374452;Кроссовки мужские, Полуботинки спортивные для мужчин;'80;X-Plode;Готов к продаже;;0;'0.00;Показывается;;03.08.2020 12:21;;'7.96;'1.6;0;0;0;0;0;0;1619.00;4047.00;;20%
'102690943-синий-45;29858233;184574160;4811566374469;Кроссовки мужские, Полуботинки спортивные для мужчин;'80;X-Plode;Готов к продаже;;0;'0.00;Показывается;;03.08.2020 12:21;;'7.96;'1.6;0;0;0;0;0;0;1619.00;4047.00;;20%
'102690944-бежевый-41;29858234;184574173;4811566374247;Кроссовки мужские, полуботинк спортивные, ботинки для мужчин;'80;X-Plode;Готов к продаже;;4;'4.80;Показывается;;03.08.2020 12:21;;'7.96;'1.6;0;0;0;0;0;0;1999.00;3998.00;;20%
'102690944-бежевый-40;29858235;184574174;4811566374230;Кроссовки мужские, полуботинк спортивные, ботинки для мужчин;'80;X-Plode;Готов к продаже;;2;'4.80;Показывается;;03.08.2020 12:21;;'7.96;'1.6;0;0;0;0;0;0;1999.00;3998.00;;20%
'102690943-синий-43;29858236;184574171;4811566374445;Кроссовки мужские, Полуботинки спортивные для мужчин;'80;X-Plode;Готов к продаже;;0;'0.00;Показывается;;03.08.2020 12:21;;'7.96;'1.6;0;0;0;0;0;0;1619.00;4047.00;;20%
'замена102690943-синий-42;29858237;184574172;4811566374438;Кроссовки мужские, Полуботинки спортивные для мужчин;'50;X-Plode;Готов к продаже;;2;'0.00;Показывается;;03.08.2020 12:21;;'7.96;'1.6;0;0;0;0;0;0;1619.00;4047.00;;20%
'102690943-синий-41;29858238;184574170;4811566374421;Кроссовки мужские, Полуботинки спортивные для мужчин;'80;X-Plode;Готов к продаже;;0;'0.00;Показывается;;03.08.2020 12:21;;'7.96;'1.6;0;0;0;0;0;0;1619.00;4047.00;;20%
'1026909401-белый-45;29858239;184389741;4811566374223;Кроссовки мужские, полуботинк спортивные, ботинки для мужчин;'80;X-Plode;Готов к продаже;;0;'0.00;Показывается;;03.08.2020 12:21;;'7.96;'1.6;0;0;0;0;0;0;2042.00;5105.00;;20%
'1026909401-белый-44;29858240;184389742;4811566374216;Кроссовки мужские, полуботинк спортивные, ботинки для мужчин;'80;X-Plode;Готов к продаже;;1;'0.00;Показывается;;03.08.2020 12:21;;'7.96;'1.6;0;0;0;0;0;0;2042.00;5105.00;;20%
'102690943-синий-40;29858241;184574184;4811566374414;Кроссовки мужские, Полуботинки спортивные для мужчин;'80;X-Plode;Готов к продаже;;0;'0.00;Показывается;;03.08.2020 12:21;;'7.96;'1.6;0;0;0;0;0;0;1619.00;4047.00;;20%
'1026909401-белый-43;29858244;184389753;4811566374209;Кроссовки мужские, полуботинк спортивные, ботинки для мужчин;'80;X-Plode;Готов к продаже;;0;'0.00;Показывается;;03.08.2020 12:21;;'7.96;'1.6;0;0;0;0;0;0;2042.00;5105.00;;20%
'1026909401-белый-42;29858245;184389752;4811566374193;Кроссовки мужские, полуботинк спортивные, ботинки для мужчин;'80;X-Plode;Готов к продаже;;0;'0.00;Показывается;;03.08.2020 12:21;;'7.96;'1.6;0;0;0;0;0;0;2042.00;5105.00;;20%
'1026909401-белый-40;29858246;184389754;4811566374179;Кроссовки мужские, полуботинк спортивные, ботинки для мужчин;'80;X-Plode;Готов к продаже;;0;'0.00;Показывается;;03.08.2020 12:21;;'7.96;'1.6;0;0;0;0;0;0;2042.00;5105.00;;20%
'09727578-черный-37;29858247;184574183;4811566369137;Кроссовки Shuzzi для мальчиков;'72.5;Shuzzi;Готов к продаже;;0;'0.00;Показывается;;03.08.2020 12:21;;'5.46;'1.1;0;0;0;0;0;0;1898.00;4745.00;;10%
'1026909401-белый-41;29858248;184389756;4811566374186;Кроссовки мужские, полуботинк спортивные, ботинки для мужчин;'80;X-Plode;Готов к продаже;;0;'0.00;Показывается;;03.08.2020 12:21;;'7.96;'1.6;0;0;0;0;0;0;2042.00;5105.00;;20%
'09727578-черный-35;29858250;184574180;4811566369113;Кроссовки Shuzzi для мальчиков;'72.5;Shuzzi;Готов к продаже;;0;'0.00;Показывается;;03.08.2020 12:21;;'5.46;'1.1;0;0;0;0;0;0;1898.00;4745.00;;10%
'09727578-черный-34;29858251;184574257;4811566369106;Кроссовки Shuzzi для мальчиков;'72.5;Shuzzi;Готов к продаже;;2;'0.00;Показывается;;03.08.2020 12:21;;'5.46;'1.1;0;0;0;0;0;0;1898.00;4745.00;;10%
'09727578-черный-32;29858252;184574181;4811566369083;Кроссовки Shuzzi для мальчиков;'72.5;Shuzzi;Готов к продаже;;0;'0.00;Показывается;;03.08.2020 12:21;;'5.46;'1.1;0;0;0;0;0;0;1898.00;4745.00;;10%
'09727578-черный-36;29858253;184574258;4811566369120;Кроссовки Shuzzi для мальчиков;'72.5;Shuzzi;Готов к продаже;;0;'0.00;Показывается;;03.08.2020 12:21;;'5.46;'1.1;0;0;0;0;0;0;1898.00;4745.00;;10%
'09727578-черный-33;29858254;184574182;4811566369090;Кроссовки Shuzzi для мальчиков;'72.5;Shuzzi;Готов к продаже;;0;'0.00;Показывается;;03.08.2020 12:21;;'5.46;'1.1;0;0;0;0;0;0;1898.00;4745.00;;10%
'09727252-черный-43;29858255;184695951;4811566368727;Туфли мужские, Полуботинки классические;'65;X-Plode;Готов к продаже;;0;'0.00;Показывается;;03.08.2020 12:21;;'7.96;'1.6;0;0;0;0;0;0;1864.00;4660.00;;20%
'09727252-черный-45;29858256;184695891;4811566368741;Туфли мужские, Полуботинки классические;'65;X-Plode;Готов к продаже;;1;'0.00;Показывается;;03.08.2020 12:21;;'7.96;'1.6;0;0;0;0;0;0;1864.00;4660.00;;20%
'замена09727252-черный-46;29858257;184696357;4811566368758;Туфли мужские, Полуботинки классические;'50;X-Plode;Готов к продаже;;1;'0.00;Показывается;;03.08.2020 12:21;;'7.96;'1.6;0;0;0;0;0;0;1864.00;4660.00;;20%
'09727252-черный-47;29858258;184695954;4811566368765;Туфли мужские, Полуботинки классические;'65;X-Plode;Готов к продаже;;0;'0.00;Показывается;;03.08.2020 12:21;;'7.96;'1.6;0;0;0;0;0;0;1864.00;4660.00;;20%
'09727252-черный-44;29858259;184695950;4811566368734;Туфли мужские, Полуботинки классические;'65;X-Plode;Готов к продаже;;0;'0.00;Показывается;;03.08.2020 12:21;;'7.96;'1.6;0;0;0;0;0;0;1864.00;4660.00;;20%
'09727252-черный-40;29858260;184695953;4811566368697;Туфли мужские, Полуботинки классические;'65;X-Plode;Готов к продаже;;0;'0.00;Показывается;;03.08.2020 12:21;;'7.96;'1.6;0;0;0;0;0;0;1864.00;4660.00;;20%
'097264642-черный-36;29858261;184574259;4811566369489;Слипоны Shuzzi для мальчиков;'50;Shuzzi;Готов к продаже;;1;'0.00;Показывается;;03.08.2020 12:21;;'5.46;'1.1;0;0;0;0;0;0;1334.00;2668.00;;10%
'09727252-черный-42;29858262;184696355;4811566368710;Туфли мужские, Полуботинки классические;'65;X-Plode;Готов к продаже;;1;'0.00;Показывается;;03.08.2020 12:21;;'7.96;'1.6;0;0;0;0;0;0;1864.00;4660.00;;20%
'09727252-черный-39;29858263;184696258;4811566368680;Туфли мужские, Полуботинки классические;'65;X-Plode;Готов к продаже;;0;'0.00;Показывается;;03.08.2020 12:21;;'7.96;'1.6;0;0;0;0;0;0;1864.00;4660.00;;20%
'09727252-черный-41;29858264;184696317;4811566368703;Туфли мужские, Полуботинки классические;'65;X-Plode;Готов к продаже;;0;'0.00;Показывается;;03.08.2020 12:21;;'7.96;'1.6;0;0;0;0;0;0;1864.00;4660.00;;20%
'097264642-черный-31;29858265;184574256;4811566369434;Слипоны Shuzzi для мальчиков;'50;Shuzzi;Готов к продаже;;0;'0.00;Показывается;;03.08.2020 12:21;;'5.46;'1.1;0;0;0;0;0;0;1334.00;2668.00;;10%
'097264642-черный-35;29858266;184574268;4811566369472;Слипоны Shuzzi для мальчиков;'50;Shuzzi;Готов к продаже;;0;'0.00;Показывается;;03.08.2020 12:21;;'5.46;'1.1;0;0;0;0;0;0;1334.00;2668.00;;10%
'097264642-черный-32;29858267;184574266;4811566369441;Слипоны Shuzzi для мальчиков;'50;Shuzzi;Готов к продаже;;1;'0.00;Показывается;;03.08.2020 12:21;;'5.46;'1.1;0;0;0;0;0;0;1334.00;2668.00;;10%
'097264642-черный-33;29858268;184574264;4811566369458;Слипоны Shuzzi для мальчиков;'50;Shuzzi;Готов к продаже;;4;'0.00;Показывается;;03.08.2020 12:21;;'5.46;'1.1;0;0;0;0;0;0;1334.00;2668.00;;10%
'097264642-черный-34;29858269;184574190;4811566369465;Слипоны Shuzzi для мальчиков;'50;Shuzzi;Готов к продаже;;1;'0.00;Показывается;;03.08.2020 12:21;;'5.46;'1.1;0;0;0;0;0;0;1334.00;2668.00;;10%
'093621374-синий-44;29858270;184389751;4811566379181;Кроссовки мужские, Полуботинки спортивные для мужчин;'72.5;X-Plode;Готов к продаже;;1;'0.00;Показывается;;03.08.2020 12:21;;'7.96;'1.6;0;0;0;0;0;0;1666.00;4165.00;;20%
'097264642-черный-30;29858271;184574192;4811566369427;Слипоны Shuzzi для мальчиков;'50;Shuzzi;Готов к продаже;;0;'0.00;Показывается;;03.08.2020 12:21;;'5.46;'1.1;0;0;0;0;0;0;1334.00;2668.00;;10%
'097264642-черный-28;29858272;184574501;4811566369403;Слипоны Shuzzi для мальчиков;'50;Shuzzi;Готов к продаже;;1;'0.00;Показывается;;03.08.2020 12:21;;'5.46;'1.1;0;0;0;0;0;0;1334.00;2668.00;;10%
'093621374-синий-45;29858273;184389761;4811566379198;Кроссовки мужские, Полуботинки спортивные для мужчин;'72.5;X-Plode;Готов к продаже;;0;'0.00;Показывается;;03.08.2020 12:21;;'7.96;'1.6;0;0;0;0;0;0;1666.00;4165.00;;20%
'097264642-черный-29;29858274;184574732;4811566369410;Слипоны Shuzzi для мальчиков;'50;Shuzzi;Готов к продаже;;1;'0.00;Показывается;;03.08.2020 12:21;;'5.46;'1.1;0;0;0;0;0;0;1334.00;2668.00;;10%
'093621374-синий-43;29858275;184389765;4811566379174;Кроссовки мужские, Полуботинки спортивные для мужчин;'72.5;X-Plode;Готов к продаже;;0;'0.00;Показывается;;03.08.2020 12:21;;'7.96;'1.6;0;0;0;0;0;0;1666.00;4165.00;;20%
'замена0908019-белый-45;29858276;184578601;4811566359848;Кеды мужские, полуботинки спортивные;'50;X-Plode;Готов к продаже;;3;'4.80;Показывается;;03.08.2020 12:21;;'7.96;'1.6;0;0;0;0;0;0;2749.00;5498.00;;20%
'093621374-синий-41;29858277;184389763;4811566379150;Кроссовки мужские, Полуботинки спортивные для мужчин;'72.5;X-Plode;Готов к продаже;;0;'0.00;Показывается;;03.08.2020 12:21;;'7.96;'1.6;0;0;0;0;0;0;1666.00;4165.00;;20%
'093621374-синий-42;29858278;184389764;4811566379167;Кроссовки мужские, Полуботинки спортивные для мужчин;'72.5;X-Plode;Готов к продаже;;2;'0.00;Показывается;;03.08.2020 12:21;;'7.96;'1.6;0;0;0;0;0;0;1666.00;4165.00;;20%
'093621374-синий-40;29858279;184389762;4811566379143;Кроссовки мужские, Полуботинки спортивные для мужчин;'72.5;X-Plode;Готов к продаже;;0;'0.00;Показывается;;03.08.2020 12:21;;'7.96;'1.6;0;0;0;0;0;0;1666.00;4165.00;;20%
'0908019-белый-41;29858280;184578612;4811566359800;Кеды мужские, полуботинки спортивные;'65;X-Plode;Готов к продаже;;5;'4.80;Показывается;;03.08.2020 12:21;;'7.96;'1.6;0;0;0;0;0;0;2749.00;5498.00;;20%
'0908019-белый-43;29858281;184578614;4811566359824;Кеды мужские, полуботинки спортивные;'65;X-Plode;Готов к продаже;;6;'4.80;Показывается;;03.08.2020 12:21;;'7.96;'1.6;0;0;0;0;0;0;2749.00;5498.00;;20%
'0908019-белый-42;29858282;184578611;4811566359817;Кеды мужские, полуботинки спортивные;'65;X-Plode;Готов к продаже;;4;'4.80;Показывается;;03.08.2020 12:21;;'7.96;'1.6;0;0;0;0;0;0;2749.00;5498.00;;20%
'0908019-белый-44;29858283;184578615;4811566359831;Кеды мужские, полуботинки спортивные;'65;X-Plode;Готов к продаже;;3;'4.80;Показывается;;03.08.2020 12:21;;'7.96;'1.6;0;0;0;0;0;0;2749.00;5498.00;;20%
'0908019-белый-40;29858284;184578613;4811566359794;Кеды мужские, полуботинки спортивные;'65;X-Plode;Готов к продаже;;7;'4.80;Показывается;;03.08.2020 12:21;;'7.96;'1.6;0;0;0;0;0;0;2749.00;5498.00;;20%
'07666330-черный-39;29858285;184578622;4811566361018;Кроссовки женские, полуботинки для женщин;'57.5;O.Live naturalle;Готов к продаже;;3;'0.00;Показывается;;03.08.2020 12:21;;'4.86;'1.0;0;0;0;0;0;0;2473.00;6182.00;;20%
'089619277-зеленый-40;29858286;184575772;4811566369762;Туфли лодочки женские на лето, осень и весну в офис;'50;Obba;Готов к продаже;;3;'0.00;Показывается;;03.08.2020 12:21;;'4.86;'1.0;0;0;0;0;0;0;1692.00;4230.00;;20%
'07666330-черный-38;29858287;184578623;4811566361001;Кроссовки женские, полуботинки для женщин;'57.5;O.Live naturalle;Готов к продаже;;0;'0.00;Показывается;;03.08.2020 12:21;;'4.86;'1.0;0;0;0;0;0;0;2473.00;6182.00;;20%
'0766368-черный-40;29858288;184389773;4811566360967;Кроссовки женские, Полуботинки спортивные для женщин;'57.5;O.Live naturalle;Готов к продаже;;0;'0.00;Показывается;;03.08.2020 12:21;;'4.86;'1.0;0;0;0;0;0;0;2328.00;5820.00;;20%
'089619277-зеленый-39;29858289;184575773;4811566369755;Туфли лодочки женские на лето, осень и весну в офис;'50;Obba;Готов к продаже;;1;'0.00;Показывается;;03.08.2020 12:21;;'4.86;'1.0;0;0;0;0;0;0;1692.00;4230.00;;20%
'0766368-черный-38;29858290;184389775;4811566360943;Кроссовки женские, Полуботинки спортивные для женщин;'57.5;O.Live naturalle;Готов к продаже;;0;'0.00;Показывается;;03.08.2020 12:21;;'4.86;'1.0;0;0;0;0;0;0;2328.00;5820.00;;20%
'0766368-черный-39;29858291;184389772;4811566360950;Кроссовки женские, Полуботинки спортивные для женщин;'57.5;O.Live naturalle;Готов к продаже;;2;'0.00;Показывается;;03.08.2020 12:21;;'4.86;'1.0;0;0;0;0;0;0;2328.00;5820.00;;20%
'0766360-черный-39;29858292;184574733;4811566360899;Кроссовки женские, Полуботинки спортивные для женщин;'57.5;Obba;Готов к продаже;;1;'0.00;Показывается;;03.08.2020 12:21;;'4.86;'1.0;0;0;0;0;0;0;2579.00;6447.00;;20%
'0766360-черный-40;29858293;184574508;4811566360905;Кроссовки женские, Полуботинки спортивные для женщин;'57.5;Obba;Готов к продаже;;1;'0.00;Показывается;;03.08.2020 12:21;;'4.86;'1.0;0;0;0;0;0;0;2579.00;6447.00;;20%
'0766360-черный-41;29858294;184574740;4811566360912;Кроссовки женские, Полуботинки спортивные для женщин;'57.5;Obba;Готов к продаже;;2;'0.00;Показывается;;03.08.2020 12:21;;'4.86;'1.0;0;0;0;0;0;0;2579.00;6447.00;;20%
'074632211-синий-36;29858295;184574265;4811566374964;Полуботинки Shuzzi для мальчиков;'50;Shuzzi;Готов к продаже;;2;'0.00;Показывается;;03.08.2020 12:21;;'5.85;'1.2;0;0;0;0;0;0;2690.00;6725.00;;10%
'074631322-синий-36;29858296;184389771;4811566167429;Полуботинки Shuzzi для мальчиков;'50;Shuzzi;Готов к продаже;;1;'0.00;Показывается;;03.08.2020 12:21;;'5.46;'1.1;0;0;0;0;0;0;1801.00;3602.00;;10%
'074632211-синий-37;29858297;184574267;4811566374971;Полуботинки Shuzzi для мальчиков;'50;Shuzzi;Готов к продаже;;5;'0.00;Показывается;;03.08.2020 12:21;;'5.85;'1.2;0;0;0;0;0;0;2690.00;6725.00;;10%
'0766360-черный-38;29858298;184574275;4811566360882;Кроссовки женские, Полуботинки спортивные для женщин;'57.5;Obba;Готов к продаже;;0;'0.00;Показывается;;03.08.2020 12:21;;'4.86;'1.0;0;0;0;0;0;0;2579.00;6447.00;;20%
'074631322-синий-37;29858299;184389774;4811566167443;Полуботинки Shuzzi для мальчиков;'50;Shuzzi;Готов к продаже;;1;'0.00;Показывается;;03.08.2020 12:21;;'5.46;'1.1;0;0;0;0;0;0;1801.00;3602.00;;10%
'074631322-синий-33;29858300;184389783;4811566167474;Полуботинки Shuzzi для мальчиков;'50;Shuzzi;Готов к продаже;;0;'0.00;Показывается;;03.08.2020 12:21;;'5.46;'1.1;0;0;0;0;0;0;1801.00;3602.00;;10%
'074631322-синий-34;29858301;184389781;4811566167450;Полуботинки Shuzzi для мальчиков;'50;Shuzzi;Готов к продаже;;2;'0.00;Показывается;;03.08.2020 12:21;;'5.46;'1.1;0;0;0;0;0;0;1801.00;3602.00;;10%
'074631322-синий-35;29858302;184389782;4811566167467;Полуботинки Shuzzi для мальчиков;'50;Shuzzi;Готов к продаже;;0;'0.00;Показывается;;03.08.2020 12:21;;'5.46;'1.1;0;0;0;0;0;0;1801.00;3602.00;;10%
'074631322-синий-32;29858303;184389785;4811566167436;Полуботинки Shuzzi для мальчиков;'50;Shuzzi;Готов к продаже;;1;'0.00;Показывается;;03.08.2020 12:21;;'5.46;'1.1;0;0;0;0;0;0;1801.00;3602.00;;10%
'074628922-черный-37;29858304;184574510;4811566177992;Туфли для мальчика детские демисезонные теплые синие на липучках;'50;Shuzzi;Готов к продаже;;1;'0.00;Показывается;;03.08.2020 12:21;;'5.85;'1.2;0;0;0;0;0;0;2699.00;3398.00;;10%
'0746289221-черный-39;29858307;184696320;4811566375114;Туфли для мальчика детские демисезонные теплые синие на липучках;'50;Shuzzi;Готов к продаже;;0;'0.00;Показывается;;03.08.2020 12:22;;'5.85;'1.2;0;0;0;0;0;0;2699.00;3398.00;;10%
'074628922-черный-35;29858308;184696318;4811566178029;Туфли для мальчика детские демисезонные теплые синие на липучках;'50;Shuzzi;Готов к продаже;;0;'0.00;Показывается;;03.08.2020 12:22;;'5.85;'1.2;0;0;0;0;0;0;2699.00;3398.00;;10%
'0746289221-черный-38;29858309;184696319;4811566177978;Туфли для мальчика детские демисезонные теплые синие на липучках;'45;Shuzzi;Готов к продаже;;2;'0.00;Показывается;;03.08.2020 12:22;;'5.85;'1.2;0;0;0;0;0;0;2699.00;3398.00;;10%
'074611871-черный-37;29858310;184574739;4811566375299;Оксфорды Shuzzi для мальчиков;'50;Shuzzi;Готов к продаже;;0;'0.00;Показывается;;03.08.2020 12:22;;'5.85;'1.2;0;0;0;0;0;0;2078.00;5195.00;;10%
'074628922-черный-36;29858311;184696312;4811566177985;Туфли для мальчика детские демисезонные теплые синие на липучках;'45;Shuzzi;Готов к продаже;;0;'0.00;Показывается;;03.08.2020 12:22;;'5.85;'1.2;0;0;0;0;0;0;2699.00;3398.00;;10%
'058316904-синий-45;29858312;184574736;4811566373981;Кеды мужские, полуботинки спортивные;'80;X-Plode;Готов к продаже;;0;'0.00;Показывается;;03.08.2020 12:22;;'7.96;'1.6;0;0;0;0;0;0;2004.00;5010.00;;20%
'07405131-черный-40;29858313;184574738;4811566145052;Ботинки женские демисезонные на осень и весну;'50;Enjoin;Готов к продаже;;2;'0.00;Показывается;;03.08.2020 12:22;;'4.86;'1.0;0;0;0;0;0;0;1156.00;2312.00;;20%
'07405131-черный-38;29858314;184574737;4811566145021;Полуботинки Enjoin' женские;'50;Enjoin;Готов к продаже;;1;'0.00;Показывается;;03.08.2020 12:22;;'4.86;'1.0;0;0;0;0;0;0;1156.00;2312.00;;20%
'074611871-черный-36;29858315;184574746;4811566375282;Оксфорды Shuzzi для мальчиков;'50;Shuzzi;Готов к продаже;;0;'0.00;Показывается;;03.08.2020 12:22;;'5.85;'1.2;0;0;0;0;0;0;2078.00;5195.00;;10%
'07405131-черный-39;29858316;184573618;4811566145045;Полуботинки Enjoin' женские;'50;Enjoin;Готов к продаже;;3;'0.00;Показывается;;03.08.2020 12:22;;'4.86;'1.0;0;0;0;0;0;0;1156.00;2312.00;;20%
'058316904-синий-44;29858317;184575313;4811566373974;Кеды мужские, полуботинки спортивные;'80;X-Plode;Готов к продаже;;0;'0.00;Показывается;;03.08.2020 12:22;;'7.96;'1.6;0;0;0;0;0;0;2004.00;5010.00;;20%
'058316904-синий-40;29858318;184575321;4811566373936;Кеды мужские, полуботинки спортивные;'80;X-Plode;Готов к продаже;;0;'0.00;Показывается;;03.08.2020 12:22;;'7.96;'1.6;0;0;0;0;0;0;2004.00;5010.00;;20%
'058316904-синий-42;29858319;184575324;4811566373950;Кеды мужские, полуботинки спортивные;'80;X-Plode;Готов к продаже;;0;'0.00;Показывается;;03.08.2020 12:22;;'7.96;'1.6;0;0;0;0;0;0;2004.00;5010.00;;20%
'058316904-синий-43;29858320;184575323;4811566373967;Кеды мужские, полуботинки спортивные;'80;X-Plode;Готов к продаже;;1;'0.00;Показывается;;03.08.2020 12:22;;'7.96;'1.6;0;0;0;0;0;0;2004.00;5010.00;;20%
'058316904-синий-41;29858321;184435038;4811566373943;Кеды мужские, полуботинки спортивные;'80;X-Plode;Готов к продаже;;0;'0.00;Показывается;;03.08.2020 12:22;;'7.96;'1.6;0;0;0;0;0;0;2004.00;5010.00;;20%
'05585157-синий-46;29858323;184578621;4811566376166;Кроссовки мужские, полуботинк спортивные, ботинки для мужчин;'65;O.Live naturalle;Готов к продаже;;0;'0.00;Показывается;;03.08.2020 12:22;;'7.96;'1.6;0;0;0;0;0;0;1799.00;4497.00;;20%
'058000349-синий-39;29858324;184389784;4811566357868;Полуботинки O.Live naturalle женские / Полуботинки женские кожаные / Полуботинки на шнуровке / Полуботинки женские осень;'65;O.Live naturalle;Готов к продаже;;1;'0.00;Показывается;;03.08.2020 12:22;;'4.80;'1.0;0;0;0;0;0;0;4799.00;9598.00;;20%
'058000349-синий-41;29858325;184389794;4811566357882;Полуботинки O.Live naturalle женские / Полуботинки женские кожаные / Полуботинки на шнуровке / Полуботинки женские осень;'65;O.Live naturalle;Готов к продаже;;1;'0.00;Показывается;;03.08.2020 12:22;;'4.80;'1.0;0;0;0;0;0;0;4799.00;9598.00;;20%
'058000349-синий-40;29858326;184389791;4811566357875;Полуботинки O.Live naturalle женские / Полуботинки женские кожаные / Полуботинки на шнуровке / Полуботинки женские осень;'65;O.Live naturalle;Готов к продаже;;1;'0.00;Показывается;;03.08.2020 12:22;;'4.80;'1.0;0;0;0;0;0;0;4799.00;9598.00;;20%
'058000349-синий-38;29858327;184389792;4811566357851;Полуботинки O.Live naturalle женские / Полуботинки женские кожаные / Полуботинки на шнуровке / Полуботинки женские осень;'65;O.Live naturalle;Готов к продаже;;0;'0.00;Показывается;;03.08.2020 12:22;;'4.80;'1.0;0;0;0;0;0;0;4799.00;9598.00;;20%